[{"rank":1,"code":"US","name":"United States"},
{"rank":2,"code":"MX","name":"Mexico"},
{"rank":3,"code":"ES","name":"Spain"},
{"rank":4,"code":"BO","name":"Bolivia"},
{"rank":5,"code":"CO","name":"Colombia"},
{"rank":6,"code":"MA","name":"Morocco"},
{"rank":7,"code":"LK","name":"Sri Lanka"},
{"rank":8,"code":"NG","name":"Nigeria"},
{"rank":9,"code":"PY","name":"Paraguay"},
{"rank":10,"code":"BR","name":"Brazil"},
{"rank":11,"code":"PE","name":"Peru"},
{"rank":12,"code":"ZA","name":"South Africa"},
{"rank":13,"code":"IN","name":"India"},
{"rank":14,"code":"EG","name":"Egypt"},
{"rank":15,"code":"IR","name":"Iran"},
{"rank":16,"code":"ZM","name":"Zambia"},
{"rank":17,"code":"FR","name":"France"},
{"rank":18,"code":"AF","name":"Afghanistan"},
{"rank":19,"code":"DZ","name":"Algeria"},
{"rank":20,"code":"BD","name":"Bangladesh"},
{"rank":21,"code":"CA","name":"Canada"},
{"rank":22,"code":"UK","name":"United Kingdom"},
{"rank":23,"code":"JM","name":"Jamaica"},
{"rank":24,"code":"BF","name":"Burkina Faso"},
{"rank":25,"code":"MZ","name":"Mozambique"},
{"rank":26,"code":"IE","name":"Ireland"},
{"rank":27,"code":"RU","name":"Russian Federation"},
{"rank":28,"code":"AR","name":"Argentina"},
{"rank":29,"code":"KZ","name":"Kazakhstan"},
{"rank":30,"code":"KE","name":"Kenya"},
{"rank":31,"code":"ID","name":"Indonesia"},
{"rank":32,"code":"SA","name":"Saudi Arabia"},
{"rank":33,"code":"VE","name":"Venezuela"},
{"rank":34,"code":"PT","name":"Portugal"},
{"rank":35,"code":"CL","name":"Chile"},
{"rank":36,"code":"TH","name":"Thailand"},
{"rank":37,"code":"GR","name":"Greece"},
{"rank":38,"code":"TZ","name":"Tanzania"},
{"rank":39,"code":"CR","name":"Costa Rica"},
{"rank":40,"code":"BE","name":"Belgium"},
{"rank":41,"code":"CU","name":"Cuba"},
{"rank":42,"code":"AL","name":"Albania"},
{"rank":43,"code":"UA","name":"Ukraine"},
{"rank":44,"code":"DE","name":"Germany"},
{"rank":45,"code":"PA","name":"Panama"},
{"rank":46,"code":"EC","name":"Ecuador"},
{"rank":47,"code":"TG","name":"Togo"},
{"rank":48,"code":"UZ","name":"Uzbekistan"},
{"rank":49,"code":"CH","name":"Switzerland"},
{"rank":50,"code":"NO","name":"Norway"},
{"rank":51,"code":"SY","name":"Syrian Arab Republic"},
{"rank":52,"code":"KG","name":"Kyrgyz Republic"},
{"rank":53,"code":"AU","name":"Australia"},
{"rank":54,"code":"UG","name":"Uganda"},
{"rank":55,"code":"DK","name":"Denmark"},
{"rank":56,"code":"NP","name":"Nepal"},
{"rank":57,"code":"JO","name":"Jordan"},
{"rank":58,"code":"IL","name":"Israel"},
{"rank":59,"code":"TJ","name":"Tajikistan"},
{"rank":60,"code":"LA","name":"Lao PDR"},
{"rank":61,"code":"BJ","name":"Benin"},
{"rank":62,"code":"PL","name":"Poland"},
{"rank":63,"code":"SE","name":"Sweden"},
{"rank":64,"code":"NL","name":"Netherlands"},
{"rank":65,"code":"MY","name":"Malaysia"},
{"rank":66,"code":"CY","name":"Cyprus"},
{"rank":67,"code":"FI","name":"Finland"},
{"rank":68,"code":"AT","name":"Austria"},
{"rank":69,"code":"LV","name":"Latvia"},
{"rank":70,"code":"DO","name":"Dominican Republic"},
{"rank":71,"code":"ME","name":"Montenegro"},
{"rank":72,"code":"YE","name":"Yemen"},
{"rank":73,"code":"CI","name":"Cote d'Ivoire"},
{"rank":74,"code":"NZ","name":"New Zealand"},
{"rank":75,"code":"CN","name":"China"},
{"rank":76,"code":"SI","name":"Slovenia"},
{"rank":77,"code":"PH","name":"Philippines"},
{"rank":78,"code":"AZ","name":"Azerbaijan"},
{"rank":79,"code":"BG","name":"Bulgaria"},
{"rank":80,"code":"BA","name":"Bosnia and Herzegovina"},
{"rank":81,"code":"CZ","name":"Czech Republic"},
{"rank":82,"code":"KW","name":"Kuwait"},
{"rank":83,"code":"HR","name":"Croatia"},
{"rank":84,"code":"RO","name":"Romania"},
{"rank":85,"code":"HU","name":"Hungary"},
{"rank":86,"code":"KH","name":"Cambodia"},
{"rank":87,"code":"LT","name":"Lithuania"},
{"rank":88,"code":"JP","name":"Japan"},
{"rank":89,"code":"BW","name":"Botswana"},
{"rank":90,"code":"MM","name":"Myanmar"},
{"rank":91,"code":"PK","name":"Pakistan"},
{"rank":92,"code":"GH","name":"Ghana"},
{"rank":93,"code":"LB","name":"Lebanon"},
{"rank":94,"code":"BY","name":"Belarus"},
{"rank":95,"code":"MK","name":"Macedonia"},
{"rank":96,"code":"SK","name":"Slovak Republic"},
{"rank":97,"code":"EE","name":"Estonia"},
{"rank":98,"code":"MT","name":"Malta"},
{"rank":99,"code":"KP","name":"Korea  Dem. Rep."},
{"rank":100,"code":"KR","name":"Korea  Rep."},
{"rank":101,"code":"HK","name":"Hong Kong SAR"},
{"rank":102,"code":"GE","name":"Georgia"},
{"rank":103,"code":"UY","name":"Uruguay"},
{"rank":104,"code":"BH","name":"Bahrain"},
{"rank":105,"code":"BZ","name":"Belize"},
{"rank":106,"code":"BB","name":"Barbados"},
{"rank":107,"code":"LU","name":"Luxembourg"},
{"rank":108,"code":"SG","name":"Singapore"},
{"rank":109,"code":"WA","name":"Qatar"},
{"rank":110,"code":"LI","name":"Liechtenstein"},
{"rank":111,"code":"MV","name":"Maldives"}]